Data,Y,MSFT_Close,GOOG_Close,AAPL_Close
2000-01-11,0,33.652610778808594,,0.698562502861023
2000-01-18,0,35.47948455810547,,0.782822847366333
2000-01-25,0,31.633460998535156,,0.8454298973083496
2000-02-01,0,31.67191505432129,,0.7550497651100159
2000-02-08,1,33.82570266723633,,0.865200936794281
2000-02-15,1,30.325822830200195,,0.8962690234184265
2000-02-22,1,28.864336013793945,,0.8571982383728027
2000-02-29,1,27.498992919921875,,0.8633185029029846
2000-03-07,0,28.575885772705078,,0.9254540205001831
2000-03-14,0,29.268156051635742,,0.8604932427406311
2000-03-21,0,31.6142520904541,,1.0163050889968872
2000-03-28,0,32.0949821472168,,1.0478439331054688
2000-04-04,0,27.24900245666504,,0.9588761925697327
2000-04-11,0,25.806745529174805,,0.899563729763031
2000-04-18,0,24.787559509277344,,0.9555814862251282
2000-04-25,1,21.345365524291992,,0.9664073586463928
2000-05-02,1,21.499217987060547,,0.8877955675125122
2000-05-09,1,20.864627838134766,,0.7941203713417053
2000-05-16,1,21.383832931518555,,0.7960032224655151
2000-05-23,0,19.44159507751465,,0.6463115811347961
2000-05-30,0,19.499282836914062,,0.6594923138618469
2000-06-06,0,21.42229652404785,,0.6995037198066711
2000-06-13,0,20.883853912353516,,0.7117430567741394
2000-06-20,0,23.05685043334961,,0.7625819444656372
2000-06-27,0,24.24911880493164,,0.7795278429985046
2000-07-04,0,,,
2000-07-11,0,24.345264434814453,,0.8576689958572388
2000-07-18,0,24.152963638305664,,0.8623759746551514
2000-07-25,0,21.22999382019043,,0.7541083097457886
2000-08-01,0,21.13383674621582,,0.7428109049797058
2000-08-08,0,22.806859970092773,,0.7042111158370972
2000-08-15,0,22.03765869140625,,0.703269362449646
2000-08-22,0,21.922271728515625,,0.7785866856575012
2000-08-29,0,21.826128005981445,,0.8915619850158691
2000-09-05,0,21.576133728027344,,0.9405168890953064
2000-09-12,1,20.960779190063477,,0.8699081540107727
2000-09-19,1,19.999265670776367,,0.9028593897819519
2000-09-26,1,19.287763595581055,,0.7748209834098816
2000-10-03,1,17.403209686279297,,0.33610135316848755
2000-10-10,1,16.7878475189209,,0.3144473135471344
2000-10-17,0,15.518667221069336,,0.3031497895717621
2000-10-24,0,18.922388076782227,,0.2843209505081177
2000-10-31,0,21.191532135009766,,0.2946763336658478
2000-11-07,0,21.691505432128906,,0.32103708386421204
2000-11-14,1,21.172311782836914,,0.3050325810909271
2000-11-21,1,20.84539222717285,,0.28337952494621277
2000-11-28,0,20.61463737487793,,0.27161136269569397
2000-12-05,1,18.42240333557129,,0.2560764253139496
2000-12-12,1,17.960878372192383,,0.23159922659397125
2000-12-19,1,13.787960052490234,,0.21088677644729614
2000-12-26,1,14.422555923461914,,0.22124306857585907
2001-01-02,1,13.345666885375977,,0.22406725585460663
2001-01-09,0,15.941728591918945,,0.2589013874530792
2001-01-16,0,16.172494888305664,,0.25796014070510864
2001-01-23,0,18.63393783569336,,0.30879804491996765
2001-01-30,0,19.499282836914062,,0.3276278078556061
2001-02-06,1,19.24929428100586,,0.3182128965854645
2001-02-13,1,17.903186798095703,,0.28808650374412537
2001-02-20,1,17.191680908203125,,0.2758474349975586
2001-02-27,1,18.26856231689453,,0.29185205698013306
2001-03-06,1,18.287796020507812,,0.3238622546195984
2001-03-13,1,16.672473907470703,,0.2946763336658478
2001-03-20,1,16.210947036743164,,0.29656001925468445
2001-03-27,1,17.922428131103516,,0.34449872374534607
2001-04-03,1,16.422481536865234,,0.3048824965953827
2001-04-10,0,18.362407684326172,,0.3319956958293915
2001-04-17,0,18.916231155395508,,0.3072923421859741
2001-04-24,0,20.783859252929688,,0.36197197437286377
2001-05-01,0,21.589988708496094,,0.3905927538871765
2001-05-08,0,22.17150115966797,,0.3701062798500061
2001-05-15,0,21.00538444519043,,0.34916865825653076
2001-05-22,0,21.633060455322266,,0.35398879647254944
2001-05-29,0,21.642292022705078,,0.3234100937843323
2001-06-05,1,22.337646484375,,0.31542670726776123
2001-06-12,1,22.177656173706055,,0.3059368133544922
2001-06-19,0,20.713088989257812,,0.3041289746761322
2001-06-26,1,21.58075523376465,,0.3577541410923004
2001-07-03,1,21.68229103088379,,0.35910987854003906
2001-07-10,0,19.839279174804688,,0.31843897700309753
2001-07-17,0,22.097646713256836,,0.3780896067619324
2001-07-24,0,20.40540885925293,,0.287559449672699
2001-07-31,0,20.365407943725586,,0.28304046392440796
2001-08-07,0,20.41463851928711,,0.2899693548679352
2001-08-14,0,19.90388298034668,,0.28213614225387573
2001-08-21,1,18.700855255126953,,0.26993507146835327
2001-08-28,1,18.68855094909668,,0.27716511487960815
2001-09-04,1,17.260913848876953,,0.2749062180519104
2001-09-11,1,,,
2001-09-18,1,16.713232040405273,,0.24523095786571503
2001-09-25,1,15.78404426574707,,0.23408442735671997
2001-10-02,1,16.322484970092773,,0.22670340538024902
2001-10-09,1,16.78708267211914,,0.24101324379444122
2001-10-16,0,17.98396110534668,,0.27129068970680237
2001-10-23,1,18.59317398071289,,0.27324944734573364
2001-10-30,1,18.11625862121582,,0.26511502265930176
2001-11-06,0,19.931581497192383,,0.2947894036769867
2001-11-13,0,20.891542434692383,,0.2917770743370056
2001-11-20,0,20.122339248657227,,0.29418712854385376
2001-11-27,0,19.61159896850586,,0.3163300156593323
2001-12-04,0,20.30695152282715,,0.33741888403892517
2001-12-11,0,20.713088989257812,,0.3280799984931946
2001-12-18,0,21.313068389892578,,0.3164811134338379
2001-12-25,0,,,
2002-01-01,0,,,
2002-01-08,0,21.346912384033203,,0.3405821621417999
2002-01-15,0,21.399211883544922,,0.3268744945526123
2002-01-22,1,19.83312225341797,,0.3286822736263275
2002-01-29,1,19.174684524536133,,0.34751102328300476
2002-02-05,0,18.814693450927734,,0.38336190581321716
2002-02-12,0,18.50394630432129,,0.3722151219844818
2002-02-19,0,18.131643295288086,,0.340733140707016
2002-02-26,0,18.014726638793945,,0.35654976963996887
2002-03-05,0,19.408519744873047,,0.3544408977031708
2002-03-12,0,19.24237632751465,,0.37236616015434265
2002-03-19,0,19.146997451782227,,0.37432408332824707
2002-03-26,0,18.177797317504883,,0.35338643193244934
2002-04-02,0,17.62396812438965,,0.36257433891296387
2002-04-09,0,16.882465362548828,,0.36302649974823
2002-04-16,1,17.787033081054688,,0.38773056864738464
2002-04-23,1,16.611705780029297,,0.3652861714363098
2002-04-30,1,16.079410552978516,,0.36558762192726135
2002-05-07,0,15.220980644226074,,0.33847343921661377
2002-05-14,0,16.885541915893555,,0.38577190041542053
2002-05-21,0,16.057876586914062,,0.35338643193244934
2002-05-28,1,16.097875595092773,,0.36121875047683716
2002-06-04,1,15.377907752990723,,0.3431432247161865
2002-06-11,1,16.1747989654541,,0.3081958591938019
2002-06-18,1,17.227067947387695,,0.30352601408958435
2002-06-25,1,16.291711807250977,,0.2581852376461029
2002-07-02,1,15.827113151550293,,0.25517305731773376
2002-07-09,1,16.3717098236084,,0.2640605866909027
2002-07-16,1,15.768655776977539,,0.26903170347213745
2002-07-23,1,13.233365058898926,,0.21796667575836182
2002-07-30,1,14.79946231842041,,0.2324276566505432
2002-08-06,1,14.051787376403809,,0.2220335155725479
2002-08-13,1,14.479470252990723,,0.21977442502975464
2002-08-20,1,15.704036712646484,,0.2396576851606369
2002-08-27,1,15.642504692077637,,0.22369100153446198
2002-09-03,1,14.467162132263184,,0.21164007484912872
2002-09-10,1,15.319445610046387,,0.2158578336238861
2002-09-17,1,14.550236701965332,,0.22293774783611298
2002-09-24,1,14.042562484741211,,0.2205277681350708
2002-10-01,1,14.224098205566406,,0.21856901049613953
2002-10-08,1,13.842565536499023,,0.2060667723417282
2002-10-15,1,16.08864402770996,,0.22836008667945862
2002-10-22,1,15.8978853225708,,0.22143112123012543
2002-10-29,0,16.020950317382812,,0.23257778584957123
2002-11-05,0,17.439367294311523,,0.25457075238227844
2002-11-12,0,16.771692276000977,,0.235590860247612
2002-11-19,0,16.87938690185547,,0.23001760244369507
2002-11-26,0,17.507049560546875,,0.23212647438049316
2002-12-03,0,17.448591232299805,,0.22836008667945862
2002-12-10,0,16.61785316467285,,0.23016779124736786
2002-12-17,0,16.72553825378418,,0.22715549170970917
2002-12-24,0,16.55939292907715,,0.21630993485450745
2002-12-31,0,15.907115936279297,,0.2158578336238861
2003-01-07,0,17.168603897094727,,0.22369100153446198
2003-01-14,0,17.528596878051758,,0.22007551789283752
2003-01-21,1,15.793264389038086,,0.2111879289150238
2003-01-28,1,15.020986557006836,,0.2196234166622162
2003-02-04,1,14.559469223022461,,0.21992461383342743
2003-02-11,1,14.288705825805664,,0.21615898609161377
2003-02-18,0,15.359434127807617,,0.23001760244369507
2003-02-25,0,14.933472633361816,,0.22625115513801575
2003-03-04,1,14.242048263549805,,0.21932226419448853
2003-03-11,1,14.075368881225586,,0.21435125172138214
2003-03-18,0,16.07554817199707,,0.2259499877691269
2003-03-25,0,15.736017227172852,,0.21917125582695007
2003-04-01,0,15.032254219055176,,0.2132968157529831
2003-04-08,0,15.791579246520996,,0.21766556799411774
2003-04-15,0,15.1865816116333,,0.20169797539710999
2003-04-22,0,15.902691841125488,,0.20350579917430878
2003-04-29,0,15.927395820617676,,0.2117902636528015
2003-05-06,0,16.279279708862305,,0.263608455657959
2003-05-13,0,16.044696807861328,,0.2812327742576599
2003-05-20,0,15.205102920532227,,0.26797711849212646
2003-05-27,0,15.303877830505371,,0.2843959629535675
2003-06-03,0,15.35943603515625,,0.26074638962745667
2003-06-10,0,15.235976219177246,,0.25878846645355225
2003-06-17,0,16.026165008544922,,0.2740018367767334
2003-06-24,0,15.8656587600708,,0.2828895151615143
2003-07-01,0,16.14346694946289,,0.287559449672699
2003-07-08,0,17.100341796875,,0.3072923421859741
2003-07-15,0,16.834888458251953,,0.2953924238681793
2003-07-22,0,16.285446166992188,,0.3133179843425751
2003-07-29,0,16.34100341796875,,0.3121124505996704
2003-08-05,0,15.84096622467041,,0.3069913685321808
2003-08-12,0,15.88418197631836,,0.2967481017112732
2003-08-19,0,16.433609008789062,,0.3060869574546814
2003-08-26,0,16.402740478515625,,0.317083477973938
2003-09-02,0,16.828704833984375,,0.34419766068458557
2003-09-09,0,17.513959884643555,,0.33696669340133667
2003-09-16,0,17.84115219116211,,0.33681657910346985
2003-09-23,0,18.273286819458008,,0.3378710150718689
2003-09-30,0,17.162071228027344,,0.3121124505996704
2003-10-07,0,17.98930549621582,,0.34977084398269653
2003-10-14,0,17.705337524414062,,0.36980509757995605
2003-10-21,0,18.220603942871094,,0.34916865825653076
2003-10-28,0,16.885879516601562,,0.35730206966400146
2003-11-04,0,16.184358596801758,,0.3451010584831238
2003-11-11,0,16.016742706298828,,0.32446449995040894
2003-11-18,0,15.613219261169434,,0.3074426054954529
2003-11-25,0,15.768428802490234,,0.3115101754665375
2003-12-02,0,15.929840087890625,,0.32446449995040894
2003-12-09,0,16.376819610595703,,0.30804571509361267
2003-12-16,0,16.798952102661133,,0.3030746877193451
2003-12-23,0,16.854833602905273,,0.29840484261512756
2003-12-30,0,17.084535598754883,,0.3205479085445404
2004-01-06,0,17.531509399414062,,0.33274903893470764
2004-01-13,0,17.028654098510742,,0.36332768201828003
2004-01-20,0,17.444595336914062,,0.34238994121551514
2004-01-27,0,17.537717819213867,,0.34751102328300476
2004-02-03,0,16.94175148010254,,0.3353100121021271
2004-02-10,0,16.77412986755371,,0.34615546464920044
2004-02-17,0,16.75550079345703,,0.34886667132377625
2004-02-24,0,16.687223434448242,,0.33681657910346985
2004-03-02,0,16.383020401000977,,0.3586585521697998
2004-03-09,0,15.967081069946289,,0.4082169532775879
2004-03-16,0,15.631848335266113,,0.3889352083206177
2004-03-23,0,14.992416381835938,,0.38095179200172424
2004-03-30,0,15.644262313842773,,0.42056816816329956
2004-04-06,0,16.016742706298828,,0.41921260952949524
2004-04-13,0,15.799467086791992,,0.4056558907032013
2004-04-20,0,15.724968910217285,,0.41770678758621216
2004-04-27,0,16.89829444885254,,0.40580612421035767
2004-05-04,0,16.34577178955078,,0.39375606179237366
2004-05-11,0,16.103654861450195,,0.4088192582130432
2004-05-18,0,16.03537368774414,,0.4076137840747833
2004-05-25,0,16.20298957824707,,0.4279491603374481
2004-06-01,0,16.209199905395508,,0.42267704010009766
2004-06-08,0,16.51338768005371,,0.4571722447872162
2004-06-15,0,17.01624870300293,,0.46229425072669983
2004-06-22,0,17.562557220458984,,0.49709054827690125
2004-06-29,0,17.692922592163086,,0.4895583987236023
2004-07-06,0,17.394935607910156,,0.4662107825279236
2004-07-13,0,17.134191513061523,,0.44015103578567505
2004-07-20,0,17.58116340637207,,0.48503974080085754
2004-07-27,0,17.65567970275879,,0.488504022359848
2004-08-03,0,17.42597007751465,,0.47133195400238037
2004-08-10,0,17.20869255065918,,0.47479650378227234
2004-08-17,0,16.79275131225586,,0.4650052487850189
2004-08-24,0,16.960599899291992,2.6026084423065186,0.4812740385532379
2004-08-31,0,16.99794578552246,2.54056453704834,0.519534707069397
2004-09-07,0,17.035310745239258,2.52095890045166,0.5386645197868347
2004-09-14,0,17.085121154785156,2.7669003009796143,0.5345979332923889
2004-09-21,0,16.973041534423828,2.9244909286499023,0.5725575089454651
2004-09-28,0,16.979263305664062,3.1483445167541504,0.5730096697807312
2004-10-05,0,17.670394897460938,3.433993339538574,0.5930440425872803
2004-10-12,0,17.452470779418945,3.4099206924438477,0.5767753720283508
2004-10-19,0,17.545867919921875,3.671497106552124,0.7143039703369141
2004-10-26,0,17.371522903442383,4.51181697845459,0.7225883603096008
2004-11-02,0,17.583229064941406,4.836181163787842,0.805888831615448
2004-11-09,0,18.535856246948242,4.186707973480225,0.8141741156578064
2004-11-16,0,18.819997787475586,4.28200626373291,0.82757967710495
2004-11-23,0,18.410560607910156,4.1574225425720215,0.9229311347007751
2004-11-30,0,18.604877471923828,4.5162835121154785,1.009996771812439
2004-12-07,0,18.785301208496094,4.254459381103516,0.9473339319229126
2004-12-14,0,18.896329879760742,4.434634208679199,0.9834856390953064
2004-12-21,0,18.785301208496094,4.560210704803467,0.9593841433525085
2004-12-28,0,18.7020206451416,4.783816337585449,0.9667648673057556
2005-01-04,0,18.625688552856445,4.826997756958008,0.963150143623352
2005-01-11,0,18.549354553222656,4.803173542022705,0.9724891781806946
2005-01-18,0,18.26483154296875,5.0602827072143555,1.0642249584197998
2005-01-25,0,18.05664825439453,4.3956708908081055,1.0853137969970703
2005-02-01,0,18.313398361206055,4.762473106384277,1.1678603887557983
2005-02-08,0,18.20931053161621,4.929742813110352,1.2186245918273926
2005-02-15,0,18.049699783325195,4.845114707946777,1.3317502737045288
2005-02-22,0,17.562437057495117,4.749319553375244,1.2847527265548706
2005-03-01,0,17.59724235534668,4.617538928985596,1.3406380414962769
2005-03-08,0,17.680776596069336,4.596195697784424,1.221034288406372
2005-03-15,0,17.33969497680664,4.4326491355896,1.2339891195297241
2005-03-22,0,16.699281692504883,4.432401180267334,1.2903261184692383
2005-03-29,0,16.650562286376953,4.456473350524902,1.2577883005142212
2005-04-05,0,17.033409118652344,4.679831027984619,1.2620065212249756
2005-04-12,0,17.625093460083008,4.813596725463867,1.2852044105529785
2005-04-19,0,17.144784927368164,4.750064373016357,1.1173983812332153
2005-04-26,0,17.235279083251953,5.428821563720703,1.090285062789917
2005-05-03,0,17.65293312072754,5.61346435546875,1.0908870697021484
2005-05-10,0,17.33272933959961,5.6534199714660645,1.0972133874893188
2005-05-17,0,17.778762817382812,5.7856974601745605,1.0652793645858765
2005-05-24,0,17.98126983642578,6.353272914886475,1.1960293054580688
2005-05-31,0,18.01618766784668,6.88114070892334,1.197837233543396
2005-06-07,0,17.813674926757812,7.274497032165527,1.100829005241394
2005-06-14,0,17.708934783935547,6.907943248748779,1.0845602750778198
2005-06-21,0,17.562284469604492,7.143461227416992,1.1405965089797974
2005-06-28,0,17.506423950195312,7.494875431060791,1.124026894569397
2005-07-05,0,17.44357681274414,7.338774681091309,1.1442118883132935
2005-07-12,0,17.883506774902344,7.241242408752441,1.1520442962646484
2005-07-19,0,18.2675724029541,7.690934658050537,1.3011717796325684
2005-07-26,0,17.834617614746094,7.348205089569092,1.3144268989562988
2005-08-02,0,18.721471786499023,7.425139904022217,1.3011717796325684
2005-08-09,0,19.09855079650879,7.236030578613281,1.320151686668396
2005-08-16,0,18.72796630859375,7.089111328125,1.393359661102295
2005-08-23,0,18.819028854370117,6.938467979431152,1.3779942989349365
2005-08-30,0,19.03614044189453,7.1293158531188965,1.4029995203018188
2005-09-06,0,18.91007423400879,7.125344276428223,1.4701825380325317
2005-09-13,0,18.545873641967773,7.735109806060791,1.5310381650924683
2005-09-20,0,18.09764289855957,7.6415486335754395,1.6024383306503296
2005-09-27,0,17.747447967529297,7.791197299957275,1.6099696159362793
2005-10-04,0,17.495315551757812,7.718233585357666,1.6193097829818726
2005-10-11,0,17.096101760864258,7.596628665924072,1.554235816001892
2005-10-18,0,17.20816421508789,7.5266432762146,1.5729142427444458
2005-10-25,0,17.53033447265625,8.609428405761719,1.690106749534607
2005-11-01,0,18.181676864624023,9.415253639221191,1.7322837114334106
2005-11-08,0,18.945083618164062,9.676332473754883,1.8045884370803833
2005-11-15,0,19.316720962524414,9.748303413391113,1.87628972530365
2005-11-22,0,19.604711532592773,10.335732460021973,2.004028081893921
2005-11-29,0,19.443151473999023,10.01484203338623,2.0516271591186523
2005-12-06,0,19.45018196105957,10.039661407470703,2.230882167816162
2005-12-13,0,19.056821823120117,10.36104679107666,2.258898973464966
2005-12-20,0,18.867158889770508,10.665060043334961,2.1724355220794678
2005-12-27,0,18.586196899414062,10.538492202758789,2.2363028526306152
2006-01-03,0,18.853113174438477,10.801309585571289,2.251969337463379
2006-01-10,0,18.965497970581055,11.658255577087402,2.4360439777374268
2006-01-17,0,18.958477020263672,11.592489242553711,2.5520312786102295
2006-01-24,0,18.459760665893555,10.994884490966797,2.29083251953125
2006-01-31,0,19.773286819458008,10.737526893615723,2.2748663425445557
2006-02-07,0,18.92336082458496,9.130844116210938,2.036564350128174
2006-02-14,0,18.71965217590332,8.520334243774414,2.037769317626953
2006-02-21,0,18.705554962158203,9.097837448120117,2.081151008605957
2006-02-28,0,18.938156127929688,8.999311447143555,2.06337571144104
2006-03-07,0,19.072057723999023,9.044726371765137,1.997699499130249
2006-03-14,0,19.19187355041504,8.714902877807617,2.0281291007995605
2006-03-21,0,19.551328659057617,8.435955047607422,1.8621302843093872
2006-03-28,0,18.959293365478516,9.361150741577148,1.7687379121780396
2006-04-04,0,19.480844497680664,10.034696578979492,1.8428493738174438
2006-04-11,0,19.121389389038086,10.166726112365723,2.0483131408691406
2006-04-18,0,19.1848201751709,10.032214164733887,1.9949889183044434
2006-04-25,0,19.107290267944336,10.601031303405762,1.9934825897216797
2006-05-02,0,16.922399520874023,9.797938346862793,2.1576735973358154
2006-05-09,0,16.647525787353516,10.145381927490234,2.1398990154266357
2006-05-16,0,16.28083610534668,9.214727401733398,1.9576311111450195
2006-05-23,0,16.125171661376953,9.320945739746094,1.9024996757507324
2006-05-30,1,16.37989044189453,9.230609893798828,1.8443554639816284
2006-06-06,1,15.65817928314209,9.678565979003906,1.7991654872894287
2006-06-13,0,15.219502449035645,9.592449188232422,1.7572895288467407
2006-06-20,0,15.962425231933594,9.608580589294434,1.7313804626464844
2006-06-27,0,16.17470359802246,9.984564781188965,1.7301746606826782
2006-07-04,0,,,
2006-07-11,0,16.344511032104492,10.536505699157715,1.676550030708313
2006-07-18,0,16.089801788330078,10.00268268585205,1.5937020778656006
2006-07-25,0,17.1369686126709,9.662931442260742,1.8657456636428833
2006-08-01,0,16.974227905273438,9.319209098815918,2.0239109992980957
2006-08-08,0,17.221881866455078,9.455456733703613,1.9516057968139648
2006-08-15,0,17.48413848876953,9.4547119140625,2.001917839050293
2006-08-22,0,18.194299697875977,9.388200759887695,2.037166118621826
2006-08-29,0,18.35053062438965,9.404581069946289,2.0028226375579834
2006-09-05,0,18.187196731567383,9.538844108581543,2.1534554958343506
2006-09-12,0,18.41445541381836,9.725967407226562,2.1881015300750732
2006-09-19,0,19.07490348815918,10.021543502807617,2.222445487976074
2006-09-26,0,19.31635284423828,10.097485542297363,2.3381314277648926
2006-10-03,0,19.437084197998047,10.027250289916992,2.231783866882324
2006-10-10,0,19.664342880249023,10.588375091552734,2.2236502170562744
2006-10-17,0,20.196956634521484,10.43922233581543,2.238111972808838
2006-10-24,0,20.083335876464844,11.746356964111328,2.441767930984497
2006-10-31,0,20.388694763183594,11.822795867919922,2.4426708221435547
2006-11-07,0,20.55913734436035,11.72799301147461,2.4254987239837646
2006-11-14,0,20.828947067260742,12.143189430236816,2.5607688426971436
2006-11-21,0,21.320636749267578,12.648224830627441,2.6692240238189697
2006-11-28,0,20.942968368530273,12.148152351379395,2.7659318447113037
2006-12-05,0,20.757688522338867,12.086108207702637,2.749662399291992
2006-12-12,0,20.971471786499023,11.956562042236328,2.595113515853882
2006-12-19,0,21.370508193969727,11.63021183013916,2.600234270095825
2006-12-26,0,21.370508193969727,11.354738235473633,2.4556267261505127
2007-01-02,0,,,
2007-01-09,0,21.34913444519043,12.048883438110352,2.788827419281006
2007-01-16,0,22.204246520996094,12.514954566955566,2.9253010749816895
2007-01-23,0,21.904951095581055,11.888810157775879,2.5818564891815186
2007-01-30,0,21.719682693481445,12.267772674560547,2.5773375034332275
2007-02-06,0,21.028472900390625,11.70094108581543,2.5351600646972656
2007-02-13,0,20.743860244750977,11.393701553344727,2.551729917526245
2007-02-20,0,20.61514663696289,11.716328620910645,2.5878825187683105
2007-02-27,0,19.928688049316406,11.137337684631348,2.528533458709717
2007-03-06,0,19.900094985961914,11.35523509979248,2.6568727493286133
2007-03-13,0,19.10637855529785,10.994884490966797,2.663200616836548
2007-03-20,0,19.907238006591797,11.050724983215332,2.7559893131256104
2007-03-27,0,19.821435928344727,11.505876541137695,2.8758935928344727
2007-04-03,0,19.928688049316406,11.728736877441406,2.8469722270965576
2007-04-10,0,20.307666778564453,11.577350616455078,2.839439630508423
2007-04-17,0,20.62944984436035,11.7337007522583,2.721945285797119
2007-04-24,0,20.5865478515625,11.85108757019043,2.809011936187744
2007-05-01,0,21.7377872467041,11.639394760131836,2.996701240539551
2007-05-08,0,21.988059997558594,11.585043907165527,3.165109872817993
2007-05-15,0,22.16689682006836,11.366401672363281,3.2392213344573975
2007-05-22,0,22.01625633239746,11.809642791748047,3.420583724975586
2007-05-29,0,22.08798599243164,12.088838577270508,3.4449870586395264
2007-06-05,0,21.937334060668945,12.876296997070312,3.6956405639648438
2007-06-12,0,21.41364288330078,12.527116775512695,3.6266517639160156
2007-06-19,0,21.85124969482422,12.763875007629395,3.7254672050476074
2007-06-26,0,21.176918029785156,13.159712791442871,3.604656934738159
2007-07-03,0,21.53561019897461,13.260968208312988,3.8312106132507324
2007-07-10,0,21.040618896484375,13.484325408935547,3.9872665405273438
2007-07-17,0,22.080810546875,13.773696899414062,4.184898376464844
2007-07-24,0,22.09515953063965,12.756180763244629,4.063789367675781
2007-07-31,1,20.796709060668945,12.656908988952637,3.9694936275482178
2007-08-07,1,21.19843864440918,12.80631160736084,4.0680060386657715
2007-08-14,0,20.35127830505371,12.62216567993164,3.736614227294922
2007-08-21,0,20.20730972290039,12.57278060913086,3.843261957168579
2007-08-28,0,20.106517791748047,12.567567825317383,3.8206655979156494
2007-09-04,0,20.740020751953125,13.032896041870117,4.343062400817871
2007-09-11,0,20.826406478881836,12.938093185424805,4.081867218017578
2007-09-18,0,20.826406478881836,13.284048080444336,4.245452404022217
2007-09-25,0,21.27993392944336,14.121140480041504,4.614805698394775
2007-10-02,0,21.380725860595703,14.503083229064941,4.7735724449157715
2007-10-09,0,21.668689727783203,15.267212867736816,5.057066917419434
2007-10-16,0,21.82705307006836,15.287562370300293,5.108884811401367
2007-10-23,0,22.24459457397461,16.770902633666992,5.60838508605957
2007-10-30,0,25.60647201538086,17.242435455322266,5.633691310882568
2007-11-06,1,26.211177825927734,18.409351348876953,5.777996063232422
2007-11-13,1,24.889419555664062,16.39318084716797,5.120331287384033
2007-11-20,1,24.976093292236328,16.095123291015625,5.086888790130615
2007-11-27,0,23.87823486328125,16.716304779052734,5.266446113586426
2007-12-04,0,23.66878318786621,16.979122161865234,5.417078018188477
2007-12-11,0,24.62940788269043,17.352375030517578,5.680084705352783
2007-12-18,0,25.091644287109375,16.710845947265625,5.512579917907715
2007-12-25,1,,,
2008-01-01,1,,,
2008-01-08,1,24.159929275512695,15.676700592041016,5.159194469451904
2008-01-15,1,24.55716896057129,15.824860572814941,5.092614650726318
2008-01-22,1,23.083740234375,14.502090454101562,4.6889166831970215
2008-01-29,0,23.545997619628906,13.662514686584473,3.962864398956299
2008-02-05,0,20.996387481689453,12.577494621276855,3.897188186645508
2008-02-12,0,20.469127655029297,12.857684135437012,3.7616171836853027
2008-02-19,0,20.42540168762207,12.630851745605469,3.6808760166168213
2008-02-26,0,20.57767105102539,11.52002239227295,3.5895941257476807
2008-03-04,0,20.004852294921875,11.033848762512207,3.754387617111206
2008-03-11,0,21.230234146118164,10.915717124938965,3.836632013320923
2008-03-18,0,21.331745147705078,10.89884090423584,4.001424789428711
2008-03-25,0,21.128721237182617,11.187219619750977,4.247260093688965
2008-04-01,0,21.389753341674805,11.557744979858398,4.504841327667236
2008-04-08,0,20.84593963623047,11.609862327575684,4.604562282562256
2008-04-15,0,20.48340606689453,11.089439392089844,4.4701972007751465
2008-04-22,0,21.93355369567871,13.773696899414062,4.826295852661133
2008-04-29,0,20.766189575195312,13.85981273651123,5.273676872253418
2008-05-06,0,21.534767150878906,14.551973342895508,5.623447418212891
2008-05-13,0,21.672266006469727,14.468585968017578,5.722865581512451
2008-05-20,0,20.92996597290039,14.359389305114746,5.600551128387451
2008-05-27,0,20.697084426879883,13.920119285583496,5.616518020629883
2008-06-03,0,19.874725341796875,14.078951835632324,5.5845842361450195
2008-06-10,0,20.29681968688965,13.753098487854004,5.592717170715332
2008-06-17,1,20.959070205688477,14.13255786895752,5.465885162353516
2008-06-24,1,20.180377960205078,13.458515167236328,5.219449996948242
2008-07-01,1,19.55452537536621,13.270646095275879,5.262526988983154
2008-07-08,1,18.812225341796875,13.762033462524414,5.409245014190674
2008-07-15,0,19.030546188354492,12.808049201965332,5.110691070556641
2008-07-22,0,18.77582550048828,11.840664863586426,4.881126403808594
2008-07-29,0,19.001434326171875,11.989569664001465,4.7322998046875
2008-08-05,0,19.074214935302734,11.90866470336914,4.8395514488220215
2008-08-12,0,20.464204788208008,12.473509788513184,5.324289321899414
2008-08-19,0,19.961301803588867,12.172969818115234,5.227884769439697
2008-08-26,1,19.92476463317871,11.767452239990234,5.231198310852051
2008-09-02,1,19.80056381225586,11.5463285446167,5.006753444671631
2008-09-09,1,19.069915771484375,10.390082359313965,4.569618225097656
2008-09-16,1,18.98953628540039,10.992403030395508,4.214120864868164
2008-09-23,1,18.58768653869629,10.653396606445312,3.8212685585021973
2008-09-30,1,19.50098419189453,9.93989372253418,3.4241995811462402
2008-10-07,1,16.972959518432617,8.587093353271484,2.686095952987671
2008-10-14,1,17.608619689941406,9.001544952392578,3.1355855464935303
2008-10-21,1,17.06793975830078,9.002538681030273,2.7562899589538574
2008-10-28,1,16.877965927124023,9.151443481445312,3.0099568367004395
2008-11-04,1,17.192148208618164,9.106523513793945,3.3437612056732178
2008-11-11,1,15.48974609375,7.729649066925049,2.8551058769226074
2008-11-18,1,14.432427406311035,7.3812127113342285,2.7086899280548096
2008-11-25,1,14.70460033416748,6.999767780303955,2.7355029582977295
2008-12-02,1,14.086700439453125,6.827535152435303,2.7858147621154785
2008-12-09,1,15.153310775756836,7.593401908874512,3.0144753456115723
2008-12-16,1,14.79287338256836,8.072627067565918,2.8749897480010986
2008-12-23,1,14.18232250213623,7.3961029052734375,2.6023435592651367
2008-12-30,1,14.226458549499512,7.52242374420166,2.5996320247650146
2009-01-06,1,15.271002769470215,8.290523529052734,2.8023841381073
2009-01-13,1,14.579547882080078,7.800627708435059,2.64241099357605
2009-01-20,1,13.59384822845459,7.017140865325928,2.355905771255493
2009-01-27,1,12.990656852722168,8.226495742797852,2.733393430709839
2009-02-03,1,13.608558654785156,8.449109077453613,2.8011794090270996
2009-02-10,1,13.829235076904297,8.89731216430664,2.947293758392334
2009-02-17,1,13.398202896118164,8.503954887390137,2.8478751182556152
2009-02-24,1,12.716809272766113,8.573195457458496,2.718932628631592
2009-03-03,1,11.761384010314941,8.077589988708496,2.662294626235962
2009-03-10,1,12.205772399902344,7.6479997634887695,2.6701276302337646
2009-03-17,1,12.516839027404785,8.32229232788086,3.0024259090423584
2009-03-24,1,13.27970027923584,8.61588191986084,3.208491563796997
2009-03-31,1,13.605582237243652,8.637969017028809,3.166917085647583
2009-04-07,1,13.894431114196777,8.900786399841309,3.4645683765411377
2009-04-14,1,14.331408500671387,9.155413627624512,3.5642876625061035
2009-04-21,1,14.049965858459473,9.467120170593262,3.668224811553955
2009-04-28,1,14.760984420776367,9.522711753845215,3.732696056365967
2009-05-05,1,14.657289505004883,10.001193046569824,3.998112201690674
2009-05-12,0,14.731362342834473,9.902420043945312,3.748361587524414
2009-05-19,0,15.137950897216797,9.899192810058594,3.8396458625793457
2009-05-26,0,15.160314559936523,10.035192489624023,3.939967393875122
2009-06-02,0,15.950382232666016,10.631804466247559,4.2023701667785645
2009-06-09,0,16.45721435546875,10.810986518859863,4.299681663513184
2009-06-16,0,17.478349685668945,10.324069023132324,4.1077752113342285
2009-06-23,1,17.396352767944336,10.067952156066895,4.037276268005371
2009-06-30,1,17.716854095458984,10.462798118591309,4.2909440994262695
2009-07-07,0,16.792617797851562,9.843354225158691,4.0791521072387695
2009-07-14,0,17.22492790222168,10.539732933044434,4.286123275756836
2009-07-21,0,18.506912231445312,10.619396209716797,4.564493656158447
2009-07-28,0,17.493242263793945,10.91596508026123,4.820268630981445
2009-08-04,0,17.716854095458984,11.260431289672852,4.9874725341796875
2009-08-11,0,17.239831924438477,11.265644073486328,4.905529499053955
2009-08-18,0,17.674047470092773,11.050724983215332,4.940774440765381
2009-08-25,0,18.46855926513672,11.698212623596191,5.10345983505249
2009-09-01,0,17.98886489868164,11.310811996459961,4.9799418449401855
2009-09-08,0,18.603483200073242,11.381789207458496,5.209807395935059
2009-09-15,0,18.8882999420166,11.851335525512695,5.276989936828613
2009-09-22,0,19.31554412841797,12.385407447814941,5.557769775390625
2009-09-29,0,19.300556182861328,12.372254371643066,5.584884166717529
2009-10-06,0,18.82084846496582,12.377466201782227,5.724371910095215
2009-10-13,0,19.34552764892578,13.056720733642578,5.724673271179199
2009-10-20,0,19.7652645111084,13.692296028137207,5.987979888916016
2009-10-27,0,21.429231643676758,13.607172012329102,5.946104526519775
2009-11-03,0,20.634723663330078,13.334179878234863,5.686411380767822
2009-11-10,0,21.744035720825195,14.065549850463867,6.115115165710449
2009-11-17,0,22.585477828979492,14.331842422485352,6.2362236976623535
2009-11-24,0,22.517715454101562,14.470819473266602,6.15910005569458
2009-12-01,0,22.593006134033203,14.639081954956055,5.934052467346191
2009-12-08,0,22.261743545532227,14.569096565246582,5.720152378082275
2009-12-15,0,22.600528717041016,14.720234870910645,5.849698543548584
2009-12-22,0,23.202808380126953,14.918279647827148,6.0361833572387695
2009-12-29,0,23.631935119628906,15.371942520141602,6.2994890213012695
2010-01-05,0,23.308210372924805,15.485855102539062,6.458560466766357
2010-01-12,0,22.63817596435547,14.654221534729004,6.2579145431518555
2010-01-19,0,23.413606643676758,14.583243370056152,6.478442668914795
2010-01-26,1,22.209049224853516,13.461493492126465,6.204288959503174
2010-02-02,1,21.426084518432617,13.181056022644043,5.9006123542785645
2010-02-09,0,21.08730125427246,13.313084602355957,5.910553932189941
2010-02-16,0,21.443071365356445,13.433696746826172,6.127768039703369
2010-02-23,0,21.427946090698242,13.279085159301758,5.936764717102051
2010-03-02,0,21.526275634765625,13.427742004394531,6.291958808898926
2010-03-09,0,21.783437728881836,13.902499198913574,6.718852996826172
2010-03-16,0,22.21457862854004,14.026836395263672,6.761933326721191
2010-03-23,0,22.600322723388672,13.624792098999023,6.879729270935059
2010-03-30,0,22.517127990722656,14.064310073852539,7.105378150939941
2010-04-06,0,22.1767578125,14.101783752441406,7.21654748916626
2010-04-13,0,23.03145408630371,14.562148094177246,7.303611755371094
2010-04-20,0,23.71974754333496,13.774690628051758,7.368688106536865
2010-04-27,0,23.334001541137695,13.129931449890137,7.894395351409912
2010-05-04,1,22.78941535949707,12.56682300567627,7.793174743652344
2010-05-11,1,21.84395408630371,12.63333511352539,7.728099346160889
2010-05-18,1,21.729782104492188,12.36828327178955,7.602773189544678
2010-05-25,1,19.80752944946289,11.839672088623047,7.387668609619141
2010-06-01,1,19.670772552490234,11.97120475769043,7.857944011688232
2010-06-08,1,19.078140258789062,12.031013488769531,7.511483669281006
2010-06-15,1,20.195022583007812,12.358854293823242,7.823598384857178
2010-06-22,1,19.579593658447266,12.067496299743652,8.250194549560547
2010-06-29,1,17.71053123474121,11.273584365844727,7.717551231384277
2010-07-06,0,18.0980281829834,10.822154998779297,7.49039888381958
2010-07-13,0,19.09332847595215,12.140707015991211,7.585901260375977
2010-07-20,0,19.3592529296875,11.951847076416016,7.588611125946045
2010-07-27,0,19.87590789794922,12.225831985473633,7.955856800079346
2010-08-03,0,19.87590789794922,12.156341552734375,7.891085147857666
2010-08-10,1,19.047744750976562,12.500809669494629,7.8151631355285645
2010-08-17,1,18.874370574951172,12.173466682434082,7.5910186767578125
2010-08-24,1,18.36260414123535,11.20235824584961,7.228295803070068
2010-08-31,0,17.927217483520508,11.168359756469727,7.323799133300781
2010-09-07,0,18.301509857177734,11.52523422241211,7.766962051391602
2010-09-14,0,19.118804931640625,11.92305850982666,8.075759887695312
2010-09-21,0,19.210460662841797,12.742778778076172,8.549053192138672
2010-09-28,0,18.851465225219727,13.083025932312012,8.64214038848877
2010-10-05,0,18.599393844604492,13.357507705688477,8.70481014251709
2010-10-12,0,18.966035842895508,13.435931205749512,8.994022369384766
2010-10-19,0,19.172273635864258,15.084803581237793,9.323908805847168
2010-10-26,0,19.783342361450195,15.35208797454834,9.280526161193848
2010-11-02,0,20.92145538330078,15.27763557434082,9.319992065429688
2010-11-09,0,20.585371017456055,15.506452560424805,9.522443771362305
2010-11-16,0,19.835735321044922,14.486454963684082,9.085907936096191
2010-11-23,0,19.305444717407227,14.468833923339844,9.301010131835938
2010-11-30,0,19.41303253173828,13.7913179397583,9.373922348022461
2010-12-07,0,20.650371551513672,14.571330070495605,9.5866117477417
2010-12-14,0,21.22676658630371,14.764162063598633,9.649274826049805
2010-12-21,0,21.572607040405273,14.966672897338867,9.767070770263672
2010-12-28,0,21.5264949798584,14.863679885864258,9.805334091186523
2011-01-04,0,21.587976455688477,14.943096160888672,9.980669021606445
2011-01-11,0,21.603347778320312,15.287811279296875,10.29248046875
2011-01-18,0,22.026042938232422,15.874000549316406,10.262651443481445
2011-01-25,0,21.86465072631836,15.384599685668945,10.285250663757324
2011-02-01,0,21.511127471923828,15.164467811584473,10.394608497619629
2011-02-08,0,21.733999252319336,15.346628189086914,10.700996398925781
2011-02-15,0,20.84200668334961,15.489825248718262,10.842596054077148
2011-02-22,0,20.555973052978516,15.14387035369873,10.201196670532227
2011-03-01,0,20.22354507446289,14.909343719482422,10.52354907989502
2011-03-08,0,20.030282974243164,14.699636459350586,10.717866897583008
2011-03-15,0,19.62828254699707,14.135039329528809,10.406662940979004
2011-03-22,0,19.55870246887207,14.327622413635254,10.279224395751953
2011-03-29,0,19.705585479736328,14.437068939208984,10.573262214660645
2011-04-05,0,19.92978286743164,14.123374938964844,10.209633827209473
2011-04-12,0,19.82155418395996,14.161097526550293,10.014110565185547
2011-04-19,0,19.44274139404297,12.9430570602417,10.178603172302246
2011-04-26,0,20.246736526489258,13.223245620727539,10.556992530822754
2011-05-03,0,19.952974319458008,13.249799728393555,10.49010944366455
2011-05-10,0,19.84474754333496,13.467449188232422,10.527771949768066
2011-05-17,0,19.079959869384766,13.164676666259766,10.126784324645996
2011-05-24,1,18.79204750061035,12.86190414428711,10.007781982421875
2011-05-31,1,19.46123695373535,13.128939628601074,10.478963851928711
2011-06-07,0,18.722015380859375,12.881011962890625,10.003267288208008
2011-06-14,0,18.846515655517578,12.616458892822266,10.015315055847168
2011-06-21,0,19.266706466674805,12.235013961791992,9.800213813781738
2011-06-28,0,20.075971603393555,12.251145362854004,10.100268363952637
2011-07-05,0,20.25494956970215,13.213814735412598,10.527165412902832
2011-07-12,0,20.651796340942383,13.252779006958008,10.65731430053711
2011-07-19,1,21.429935455322266,14.953766822814941,11.353242874145508
2011-07-26,1,21.850135803222656,15.449372291564941,12.153407096862793
2011-08-02,1,20.8541202545166,14.701870918273926,11.716570854187012
2011-08-09,1,19.9047794342041,14.230587005615234,11.267679214477539
2011-08-16,1,19.85031509399414,13.376617431640625,11.462602615356445
2011-08-23,1,19.356990814208984,12.875800132751465,11.255330085754395
2011-08-30,1,20.53940200805664,13.418807029724121,11.749105453491211
2011-09-06,1,19.975603103637695,12.959186553955078,11.440305709838867
2011-09-13,1,20.3906192779541,13.141348838806152,11.587326049804688
2011-09-20,1,21.12668800354004,13.565975189208984,12.4558744430542
2011-09-27,1,20.100894927978516,13.385055541992188,12.028383255004883
2011-10-04,1,19.842479705810547,12.455889701843262,11.222188949584961
2011-10-11,0,21.142345428466797,13.480355262756348,12.05941104888916
2011-10-18,0,21.385087966918945,14.6549654006958,12.72069263458252
2011-10-25,1,20.99357032775879,14.472556114196777,11.983490943908691
2011-11-01,1,20.351469039916992,14.36063003540039,11.945531845092773
2011-11-08,1,21.267637252807617,15.196731567382812,12.238364219665527
2011-11-15,1,21.096420288085938,15.301460266113281,11.714157104492188
2011-11-22,1,19.5579833984375,14.394134521484375,11.342999458312988
2011-11-29,1,19.59742546081543,14.466849327087402,11.243277549743652
2011-12-06,1,20.244354248046875,15.48039436340332,11.778027534484863
2011-12-13,1,20.323265075683594,15.526555061340332,11.713558197021484
2011-12-20,1,20.536277770996094,15.644189834594727,11.928662300109863
2011-12-27,1,20.54416847229004,15.889387130737305,12.247401237487793
2012-01-03,1,21.12009620666504,16.5137939453125,12.388999938964844
2012-01-10,1,21.964269638061523,15.464759826660156,12.750818252563477
2012-01-17,1,22.29562759399414,15.59976577758789,12.794804573059082
2012-01-24,1,23.147676467895508,14.417214393615723,12.665557861328125
2012-01-31,1,23.297588348388672,14.39686393737793,13.752230644226074
2012-02-07,0,23.94451904296875,15.058497428894043,14.124293327331543
2012-02-14,0,24.022741317749023,15.13270092010498,15.34834098815918
2012-02-21,0,24.967771530151367,15.237927436828613,15.510725021362305
2012-02-28,0,25.30925178527832,15.34687614440918,16.130126953125
2012-03-06,0,25.063064575195312,15.013578414916992,15.974973678588867
2012-03-13,0,25.944561004638672,15.331737518310547,17.114974975585938
2012-03-20,0,25.40455436706543,15.721620559692383,18.25556755065918
2012-03-27,0,25.825441360473633,16.057401657104492,18.512250900268555
2012-04-03,1,25.36484146118164,15.948202133178711,18.95932960510254
2012-04-10,1,24.19745445251465,15.557080268859863,18.932811737060547
2012-04-17,0,24.967771530151367,15.127986907958984,18.36823844909668
2012-04-24,0,25.348955154418945,14.922001838684082,16.87937355041504
2012-05-01,0,25.42043113708496,15.000425338745117,17.53765106201172
2012-05-08,1,24.221275329589844,15.207898139953613,17.117382049560547
2012-05-15,1,24.14840316772461,15.166205406188965,16.66517448425293
2012-05-22,1,23.788692474365234,14.910337448120117,16.779659271240234
2012-05-29,1,23.628812789916992,14.750016212463379,17.240598678588867
2012-06-05,1,22.789499282836914,14.156134605407715,16.95620346069336
2012-06-12,1,23.41299819946289,14.024353981018066,17.35778045654297
2012-06-19,1,24.540077209472656,14.432104110717773,17.696712493896484
2012-06-26,1,23.99652671813965,14.013930320739746,17.233366012573242
2012-07-03,1,24.588043212890625,14.588454246520996,18.058225631713867
2012-07-10,1,23.772703170776367,14.436323165893555,18.323352813720703
2012-07-17,1,23.708749771118164,14.312981605529785,18.28509521484375
2012-07-24,1,23.301082611083984,15.078351974487305,18.10373306274414
2012-07-31,1,23.556880950927734,15.708714485168457,18.400175094604492
2012-08-07,1,24.18836212158203,15.896584510803223,18.705957412719727
2012-08-14,1,24.243999481201172,16.59444808959961,19.11243438720703
2012-08-21,1,24.783113479614258,16.61554718017578,19.849777221679688
2012-08-28,1,24.646320343017578,16.807632446289062,20.416776657104492
2012-09-04,1,24.453208923339844,16.901691436767578,20.421918869018555
2012-09-11,0,24.775066375732422,17.17840576171875,19.986833572387695
2012-09-18,0,25.088882446289062,17.82589340209961,21.237014770507812
2012-09-25,0,24.453208923339844,18.592256546020508,20.378650665283203
2012-10-02,0,23.86581802368164,18.786577224731445,20.008615493774414
2012-10-09,0,23.560054779052734,18.466432571411133,19.238296508789062
2012-10-16,0,23.729026794433594,18.481571197509766,19.66006851196289
2012-10-23,0,22.57033920288086,16.884565353393555,18.557846069335938
2012-10-30,1,,,
2012-11-06,1,24.026752471923828,16.918567657470703,17.634735107421875
2012-11-13,0,21.97698974609375,16.35595703125,16.501028060913086
2012-11-20,0,21.66871452331543,16.626962661743164,17.048418045043945
2012-11-27,0,21.96887969970703,16.645326614379883,17.77393341064453
2012-12-04,0,21.392881393432617,17.14961814880371,17.502513885498047
2012-12-11,0,22.163583755493164,17.2947998046875,16.45513153076172
2012-12-18,0,22.358287811279297,17.8951358795166,16.227466583251953
2012-12-25,0,,,
2013-01-01,0,,,
2013-01-08,0,21.538911819458008,18.198652267456055,15.966389656066895
2013-01-15,0,22.0743408203125,17.990928649902344,14.76916217803955
2013-01-22,0,22.02566909790039,17.44345474243164,15.342097282409668
2013-01-29,0,22.723356246948242,18.704431533813477,13.928760528564453
2013-02-05,0,22.309612274169922,19.00373077392578,13.915692329406738
2013-02-12,0,22.61789321899414,19.374998092651367,14.304341316223145
2013-02-19,0,22.944204330444336,20.02397918701172,14.062520980834961
2013-02-26,0,22.387983322143555,19.60902976989746,13.725625038146973
2013-03-05,0,23.189590454101562,20.811931610107422,13.180537223815918
2013-03-12,0,22.82969093322754,20.539188385009766,13.097691535949707
2013-03-19,0,23.0505428314209,20.134910583496094,13.894381523132324
2013-03-26,0,23.034181594848633,20.16221046447754,14.097678184509277
2013-04-02,0,23.557680130004883,20.177597045898438,13.139266014099121
2013-04-09,0,24.220245361328125,19.29930877685547,13.053361892700195
2013-04-16,0,23.696741104125977,19.689437866210938,13.030740737915039
2013-04-23,0,25.03004264831543,20.05003547668457,12.415948867797852
2013-04-30,0,27.074981689453125,20.463743209838867,13.536391258239746
2013-05-07,0,27.246761322021484,21.274280548095703,14.021864891052246
2013-05-14,0,27.619028091430664,22.015581130981445,13.659222602844238
2013-05-21,0,28.70633316040039,22.50870132446289,13.529973983764648
2013-05-28,0,28.846364974975586,21.870893478393555,13.584749221801758
2013-06-04,0,28.821645736694336,21.320690155029297,13.82693862915039
2013-06-11,0,28.69809913635254,21.83466148376465,13.466577529907227
2013-06-18,0,28.813417434692383,22.351110458374023,13.287166595458984
2013-06-25,0,27.734350204467773,21.49689483642578,12.390423774719238
2013-07-02,0,27.956754684448242,21.896705627441406,12.878497123718262
2013-07-09,0,28.294469833374023,22.465768814086914,12.99728012084961
2013-07-16,0,29.876007080078125,22.822397232055664,13.238852500915527
2013-07-23,0,26.210487365722656,22.43003273010254,12.893879890441895
2013-07-30,0,26.235200881958008,22.110380172729492,13.95034122467041
2013-08-06,0,26.012794494628906,22.250600814819336,14.317475318908691
2013-08-13,0,26.73527717590332,21.870399475097656,15.165364265441895
2013-08-20,0,26.229276657104492,21.477537155151367,15.521599769592285
2013-08-27,0,27.58968162536621,21.098575592041016,15.135004997253418
2013-09-03,0,26.444948196411133,21.352455139160156,15.134696960449219
2013-09-10,0,26.868011474609375,22.05454444885254,15.32242202758789
2013-09-17,0,27.315940856933594,21.991012573242188,14.104406356811523
2013-09-24,0,26.917774200439453,22.009126663208008,15.150809288024902
2013-10-01,0,27.855125427246094,22.013097763061523,15.115488052368164
2013-10-08,0,27.382301330566406,21.185932159423828,14.898036003112793
2013-10-15,0,28.60999298095703,21.889257431030273,15.447564125061035
2013-10-22,0,28.68464469909668,24.991193771362305,16.103961944580078
2013-10-29,0,29.464384078979492,25.71685791015625,16.00515365600586
2013-11-05,0,30.393442153930664,25.351543426513672,16.276813507080078
2013-11-12,0,30.99068832397461,25.109821319580078,16.202348709106445
2013-11-19,0,30.70754051208496,25.442869186401367,16.18801498413086
2013-11-26,0,31.217369079589844,26.267061233520508,16.61955451965332
2013-12-03,0,32.01974105834961,26.139249801635742,17.6452693939209
2013-12-10,0,31.852582931518555,26.918519973754883,17.62127685546875
2013-12-17,0,30.523651123046875,26.551219940185547,17.292255401611328
2013-12-24,0,30.9917049407959,27.59305763244629,17.687328338623047
2013-12-31,0,31.26752281188965,27.813188552856445,17.48014259338379
2014-01-07,0,30.431705474853516,28.263626098632812,16.82644271850586
2014-01-14,0,29.9051570892334,28.52520179748535,17.024293899536133
2014-01-21,0,30.231124877929688,28.88009262084961,17.107791900634766
2014-01-28,0,30.314693450927734,27.870267868041992,15.78140926361084
2014-02-04,0,30.38156509399414,28.24625587463379,15.852760314941406
2014-02-11,0,31.06691551208496,29.53725814819336,16.799278259277344
2014-02-18,0,31.510398864746094,30.050981521606445,17.113656997680664
2014-02-25,0,31.611459732055664,30.277315139770508,16.36359405517578
2014-03-04,0,32.34405517578125,30.1509952545166,16.65133285522461
2014-03-11,0,32.01565170288086,29.780719757080078,16.80335235595703
2014-03-18,0,33.30402755737305,30.06041145324707,16.65635108947754
2014-03-25,0,33.969268798828125,28.756500244140625,17.082313537597656
2014-04-01,0,34.87870788574219,28.179105758666992,16.97762680053711
2014-04-08,0,33.5313835144043,27.56997299194336,16.406850814819336
2014-04-15,0,33.472434997558594,26.652795791625977,16.23508071899414
2014-04-22,0,33.674530029296875,26.571809768676758,16.665752410888672
2014-04-29,0,34.1124153137207,26.218551635742188,18.56615447998047
2014-05-06,0,32.89140701293945,25.594514846801758,18.6313533782959
2014-05-13,0,34.27674102783203,26.486351013183594,18.714923858642578
2014-05-20,0,33.64921188354492,26.321401596069336,19.06005859375
2014-05-27,0,34.081703186035156,28.118988037109375,19.71944236755371
2014-06-03,0,34.166500091552734,27.07511329650879,20.094839096069336
2014-06-10,0,34.86186981201172,27.850692749023438,20.79488182067871
2014-06-17,0,35.34524154663086,26.979223251342773,20.316110610961914
2014-06-24,0,35.404598236083984,28.052906036376953,19.918964385986328
2014-07-01,0,35.50636291503906,28.9497127532959,20.63381576538086
2014-07-08,0,35.430049896240234,28.374366760253906,21.03758430480957
2014-07-15,0,35.99821090698242,29.054548263549805,21.030961990356445
2014-07-22,0,38.01648712158203,29.549406051635742,20.898584365844727
2014-07-29,0,37.2193603515625,29.09578514099121,21.70610809326172
2014-08-05,0,36.53245162963867,28.075265884399414,20.98683738708496
2014-08-12,0,36.905582427978516,27.959003448486328,21.27970314025879
2014-08-19,0,38.68058776855469,29.15789031982422,22.290809631347656
2014-08-26,0,38.40752410888672,28.710729598999023,22.37062644958496
2014-09-02,0,38.47578048706055,28.684398651123047,22.905000686645508
2014-09-09,0,39.900821685791016,28.867238998413086,21.72760009765625
2014-09-16,0,39.900821685791016,28.8145694732666,22.36397933959961
2014-09-23,0,39.73015594482422,28.873199462890625,22.758663177490234
2014-09-30,1,39.559505462646484,28.685888290405273,22.339590072631836
2014-10-07,1,38.85124588012695,28.00918197631836,21.896120071411133
2014-10-14,0,37.31528854370117,26.727323532104492,21.896120071411133
2014-10-21,0,38.296600341796875,26.160917282104492,22.720966339111328
2014-10-28,0,39.67042541503906,27.271865844726562,23.667766571044922
2014-11-04,0,40.59198760986328,27.53072166442871,24.080188751220703
2014-11-11,0,41.70130920410156,27.340927124023438,24.4295654296875
2014-11-18,0,41.852691650390625,26.582740783691406,25.71451759338379
2014-11-25,0,40.762149810791016,26.883333206176758,26.188846588134766
2014-12-02,0,41.612266540527344,26.51914405822754,25.52744483947754
2014-12-09,0,40.86518859863281,26.50026512145996,25.413881301879883
2014-12-16,0,38.7785758972168,24.613243103027344,23.772613525390625
2014-12-23,0,41.60367965698242,26.362140655517578,25.062023162841797
2014-12-30,0,40.37574768066406,26.35369300842285,25.057565689086914
2015-01-06,0,39.19933319091797,24.93967056274414,23.66349983215332
2015-01-13,0,39.80901336669922,24.652496337890625,24.545372009277344
2015-01-20,0,39.834774017333984,25.18511199951172,24.211326599121094
2015-01-27,0,36.631832122802734,25.767913818359375,24.304851531982422
2015-02-03,0,35.72161102294922,26.29506492614746,26.422679901123047
2015-02-10,0,36.58030700683594,26.677637100219727,27.2804012298584
2015-02-17,0,37.68815612792969,26.97077751159668,28.579370498657227
2015-02-24,0,38.12919616699219,26.635404586791992,29.54966926574707
2015-03-03,0,37.4287109375,28.501062393188477,28.921424865722656
2015-03-10,0,36.34770965576172,27.575439453125,27.837108612060547
2015-03-17,0,36.06232452392578,27.368253707885742,28.402738571166992
2015-03-24,0,37.10009002685547,28.329648971557617,28.324493408203125
2015-03-31,0,35.162933349609375,27.227149963378906,27.8192138671875
2015-04-07,0,35.91529846191406,26.681610107421875,28.17245864868164
2015-04-14,0,36.01909255981445,26.352203369140625,28.23729705810547
2015-04-21,0,36.875240325927734,26.530075073242188,28.373674392700195
2015-04-28,0,42.51376724243164,27.584884643554688,29.18972396850586
2015-05-05,0,41.164669036865234,26.444982528686523,28.125511169433594
2015-05-12,0,40.948463439941406,26.3572940826416,28.25870704650879
2015-05-19,0,41.41478729248047,26.771804809570312,29.20163917541504
2015-05-26,0,40.55305862426758,26.520709991455078,29.100610733032227
2015-06-02,0,40.840309143066406,26.86248016357422,29.176952362060547
2015-06-09,0,39.734867095947266,26.240215301513672,28.6066951751709
2015-06-16,0,39.891544342041016,26.312955856323242,28.647104263305664
2015-06-23,0,39.961158752441406,26.927248001098633,28.51913833618164
2015-06-30,0,38.429237365722656,25.932323455810547,28.15992546081543
2015-07-07,0,38.55979919433594,26.15701675415039,28.218299865722656
2015-07-14,0,39.7087516784668,27.954557418823242,28.200336456298828
2015-07-21,0,41.153656005859375,32.99644470214844,29.354305267333984
2015-07-28,0,39.46503829956055,31.287580490112305,27.699689865112305
2015-08-04,0,41.37996292114258,31.349857330322266,25.73749542236328
2015-08-11,1,40.396385192871094,32.92071533203125,25.594640731811523
2015-08-18,1,41.41627502441406,32.68904495239258,26.273466110229492
2015-08-25,1,35.458370208740234,28.998804092407227,23.395788192749023
2015-09-01,1,36.64118194580078,29.782487869262695,24.293378829956055
2015-09-08,1,38.45484161376953,30.622968673706055,25.328521728515625
2015-09-15,0,38.53369903564453,31.643301010131836,26.223852157592773
2015-09-22,0,38.463600158691406,31.02303123474121,25.574338912963867
2015-09-29,0,38.06057357788086,29.64199447631836,24.595569610595703
2015-10-06,0,40.9606819152832,32.156455993652344,25.10300064086914
2015-10-13,0,41.08333969116211,32.498233795166016,25.21125602722168
2015-10-20,0,41.8543586730957,32.39759063720703,25.657787322998047
2015-10-27,0,47.04125213623047,35.29767608642578,25.83369255065918
2015-11-03,0,47.44429016113281,35.978729248046875,27.64238739013672
2015-11-10,0,46.883544921875,36.285621643066406,26.44708251953125
2015-11-17,0,46.723236083984375,36.135162353515625,25.74949836730957
2015-11-24,0,47.85227966308594,37.28004837036133,26.924970626831055
2015-12-01,0,48.70789337158203,38.214691162109375,26.576173782348633
2015-12-08,0,49.21067810058594,37.982025146484375,26.777755737304688
2015-12-15,0,48.690242767333984,37.03691864013672,25.024734497070312
2015-12-22,0,48.82255172729492,37.36574172973633,24.28638458251953
2015-12-29,1,49.88105392456055,38.690982818603516,24.62837791442871
2016-01-05,1,48.55792999267578,36.99606704711914,23.262653350830078
2016-01-12,1,46.5556526184082,36.173526763916016,22.639808654785156
2016-01-19,1,44.597434997558594,34.963871002197266,21.892393112182617
2016-01-26,1,46.01758575439453,35.524356842041016,22.646604537963867
2016-02-02,0,46.749698638916016,38.095619201660156,21.398651123046875
2016-02-09,0,43.468387603759766,33.78411102294922,21.63089942932129
2016-02-16,0,45.38850784301758,34.426300048828125,22.006637573242188
2016-02-23,0,45.46845245361328,34.66793441772461,21.562589645385742
2016-03-01,0,46.71223831176758,35.81182098388672,22.892459869384766
2016-03-08,0,45.88602066040039,34.57427215576172,23.006317138671875
2016-03-15,0,47.60951232910156,36.28611755371094,23.814716339111328
2016-03-22,0,48.03593826293945,36.9048957824707,24.302030563354492
2016-03-29,0,48.60452651977539,37.10517883300781,24.52064323425293
2016-04-05,0,48.47127914428711,36.7579231262207,25.005674362182617
2016-04-12,0,48.55121612548828,37.021480560302734,25.149139404296875
2016-04-19,0,50.097042083740234,37.5615348815918,24.34529685974121
2016-04-26,0,45.69943618774414,35.28023910522461,23.76233673095703
2016-05-03,0,44.22470474243164,34.49406051635742,21.67416763305664
2016-05-10,0,45.326316833496094,36.029544830322266,21.40290069580078
2016-05-17,0,45.18708801269531,35.18507385253906,21.4189453125
2016-05-24,0,46.15328598022461,35.87559509277344,22.429292678833008
2016-05-31,0,47.41468811035156,36.654293060302734,22.87833595275879
2016-06-07,0,46.609527587890625,35.7042121887207,22.68818473815918
2016-06-14,0,44.57875061035156,35.78491973876953,22.3284854888916
2016-06-21,0,45.79542541503906,34.67241668701172,21.973371505737305
2016-06-28,0,44.22985076904297,33.88026428222656,21.441856384277344
2016-07-05,0,45.77753829956055,34.62309646606445,21.762598037719727
2016-07-12,0,47.60255432128906,35.90299987792969,22.319324493408203
2016-07-19,0,47.49520492553711,36.7160758972168,22.88062858581543
2016-07-26,0,50.7784423828125,36.788814544677734,22.147497177124023
2016-08-02,0,50.61741638183594,38.415470123291016,23.936798095703125
2016-08-09,0,52.06669998168945,39.072608947753906,25.063859939575195
2016-08-16,0,51.707061767578125,38.71788024902344,25.195158004760742
2016-08-23,0,52.11215591430664,38.46578598022461,25.073074340820312
2016-08-30,0,52.11215591430664,38.31682586669922,24.416595458984375
2016-09-06,0,51.86009216308594,38.864356994628906,24.808183670043945
2016-09-13,0,50.88788604736328,37.848506927490234,24.865768432617188
2016-09-20,0,51.13995361328125,38.43240737915039,26.160308837890625
2016-09-27,0,52.166160583496094,39.01033401489258,26.04973602294922
2016-10-04,0,51.52703094482422,38.68251037597656,26.029003143310547
2016-10-11,0,51.48200607299805,39.01332092285156,26.789148330688477
2016-10-18,0,51.90509796142578,39.62063980102539,27.05865478515625
2016-10-25,0,54.902748107910156,40.23891830444336,27.238319396972656
2016-11-01,0,53.83152389526367,39.040225982666016,25.681188583374023
2016-11-08,0,54.43465042114258,39.38398742675781,25.713481903076172
2016-11-15,0,53.35234451293945,37.788719177246094,24.798948287963867
2016-11-22,0,55.39146041870117,38.27597427368164,25.884811401367188
2016-11-29,0,55.3642692565918,38.404014587402344,25.806093215942383
2016-12-06,0,54.331119537353516,37.819610595703125,25.456485748291016
2016-12-13,0,57.07712173461914,39.6624870300293,26.669692993164062
2016-12-20,0,57.58464050292969,39.67843246459961,27.077178955078125
2016-12-27,0,57.34901428222656,39.43580627441406,27.148956298828125
2017-01-03,0,56.71462631225586,39.1662712097168,26.8919677734375
2017-01-10,0,56.75088119506836,40.095428466796875,27.577281951904297
2017-01-17,0,56.669307708740234,40.086463928222656,27.783348083496094
2017-01-24,0,57.5665283203125,41.0460205078125,27.77639389038086
2017-01-31,0,58.59061050415039,39.69686508178711,28.095909118652344
2017-02-07,0,57.484954833984375,40.20404052734375,30.452857971191406
2017-02-14,0,58.87287521362305,40.87562942504883,31.396419525146484
2017-02-21,0,58.799922943115234,41.43412399291992,31.787076950073242
2017-02-28,0,58.334938049316406,41.01313400268555,31.85451316833496
2017-03-07,0,58.71788024902344,41.44658279418945,32.44282150268555
2017-03-14,0,58.726985931396484,42.12962341308594,32.3195915222168
2017-03-21,0,58.544639587402344,41.37433624267578,32.517208099365234
2017-03-28,0,59.52933883666992,40.8990478515625,33.43806076049805
2017-04-04,0,59.93052673339844,41.5791015625,33.66361618041992
2017-04-11,0,59.702579498291016,41.020111083984375,32.93345260620117
2017-04-18,0,59.62051773071289,41.691200256347656,32.833465576171875
2017-04-25,0,61.92729949951172,43.4588508605957,33.60780334472656
2017-05-02,0,63.185543060302734,45.65794372558594,34.300750732421875
2017-05-09,0,62.948486328125,46.44163131713867,35.807552337646484
2017-05-16,0,63.648597717285156,46.981197357177734,36.3009147644043
2017-05-23,0,62.97917175292969,47.27115249633789,35.910987854003906
2017-05-30,0,64.56558227539062,48.61930465698242,35.8806266784668
2017-06-06,0,66.50043487548828,48.653682708740234,36.062744140625
2017-06-13,0,64.78568267822266,47.49932861328125,34.227508544921875
2017-06-20,0,64.10708618164062,47.361328125,33.85859680175781
2017-06-27,0,63.46517562866211,46.200496673583984,33.55972671508789
2017-07-04,0,,,
2017-07-11,0,64.18045043945312,46.33800506591797,33.980003356933594
2017-07-18,0,67.21570587158203,48.09718322753906,35.04240036010742
2017-07-25,0,68.03180694580078,47.364810943603516,35.663482666015625
2017-08-01,0,66.55546569824219,46.37487030029297,35.03539276123047
2017-08-08,0,66.74803161621094,46.17359161376953,37.377315521240234
2017-08-15,0,67.50006103515625,45.9459114074707,37.880393981933594
2017-08-22,0,67.44475555419922,46.0689697265625,37.453765869140625
2017-08-29,0,67.34333801269531,45.89957809448242,38.18747329711914
2017-09-05,0,67.85957336425781,46.25629806518555,37.99290466308594
2017-09-12,0,68.84599304199219,46.436649322509766,37.706932067871094
2017-09-19,0,69.546630859375,45.92548370361328,37.207645416259766
2017-09-26,0,67.53691101074219,46.07744216918945,35.89729690551758
2017-10-03,0,68.45879364013672,47.718048095703125,36.21140670776367
2017-10-10,0,70.33023834228516,48.455894470214844,36.54426193237305
2017-10-17,0,71.52865600585938,49.43138885498047,37.615509033203125
2017-10-24,0,72.69945526123047,48.3532600402832,36.8255615234375
2017-10-31,0,76.68196105957031,50.6500129699707,39.6243896484375
2017-11-07,0,77.68684387207031,51.48152160644531,40.976932525634766
2017-11-14,0,77.48401641845703,51.116336822509766,40.30791473388672
2017-11-21,0,77.56739044189453,51.53931427001953,40.73136901855469
2017-11-28,0,78.64215850830078,52.18300247192383,40.714900970458984
2017-12-05,0,75.59394073486328,50.07756423950195,39.90799331665039
2017-12-12,0,79.29071807861328,51.83774185180664,40.39259719848633
2017-12-19,0,79.5223388671875,53.34233856201172,41.06071853637695
2017-12-26,0,79.12397003173828,52.647830963134766,40.12677001953125
2018-01-02,0,79.63352966308594,53.059349060058594,40.524349212646484
2018-01-09,0,81.73668670654297,55.114967346191406,41.011314392089844
2018-01-16,0,81.85713958740234,55.88719177246094,41.448883056640625
2018-01-23,0,85.1462631225586,58.2890625,41.64883804321289
2018-01-30,0,85.92449188232422,57.97618865966797,39.27986526489258
2018-02-06,0,84.61815643310547,53.8365592956543,38.35296630859375
2018-02-13,0,83.22836303710938,52.41666030883789,38.81877899169922
2018-02-20,0,86.30955505371094,54.9256477355957,40.59272384643555
2018-02-27,0,87.68717956542969,55.71431350708008,42.137550354003906
2018-03-06,0,86.86805725097656,54.55697250366211,41.73125076293945
2018-03-13,0,87.8826904296875,56.70475387573242,42.51074981689453
2018-03-20,0,86.69116973876953,54.68899917602539,41.393470764160156
2018-03-27,0,83.28422546386719,50.075077056884766,39.76361846923828
2018-04-03,0,83.50764465332031,50.48908996582031,39.77543258666992
2018-04-10,0,86.45848083496094,51.3973274230957,40.92341995239258
2018-04-17,0,89.42791748046875,53.51571273803711,42.10210418701172
2018-04-24,0,86.68187713623047,50.816410064697266,38.488094329833984
2018-05-01,0,88.43189239501953,51.6798095703125,39.943138122558594
2018-05-08,0,89.18588256835938,52.5068359375,43.94689178466797
2018-05-15,0,90.59149169921875,53.76830291748047,44.2088508605957
2018-05-22,0,91.15245056152344,53.295005798339844,44.379573822021484
2018-05-29,0,91.6292495727539,52.82619094848633,44.55503845214844
2018-06-05,0,95.53710174560547,56.778987884521484,45.837867736816406
2018-06-12,0,94.71437072753906,56.76205062866211,45.59363555908203
2018-06-19,0,94.29370880126953,58.193904876708984,44.031002044677734
2018-06-26,0,92.62959289550781,55.722782135009766,43.73223114013672
2018-07-03,0,92.6015396118164,54.94707107543945,43.611305236816406
2018-07-10,0,95.47166442871094,57.43562698364258,45.135990142822266
2018-07-17,0,99.05230712890625,59.725399017333984,45.396827697753906
2018-07-24,0,100.6510009765625,62.180580139160156,45.76435470581055
2018-07-31,0,99.17384338378906,60.64509582519531,45.12175750732422
2018-08-07,0,101.79156494140625,61.88862991333008,49.11013412475586
2018-08-14,0,102.4272689819336,61.882652282714844,49.91056442260742
2018-08-21,0,99.46163940429688,59.86589813232422,51.16933822631836
2018-08-28,0,103.47842407226562,61.33711242675781,52.2781982421875
2018-09-04,0,104.83921813964844,59.63572311401367,54.338863372802734
2018-09-11,0,104.39813232421875,58.65724182128906,53.265708923339844
2018-09-18,0,106.24697875976562,57.853126525878906,51.930789947509766
2018-09-25,0,107.41068267822266,59.02043151855469,52.87070083618164
2018-10-02,0,108.067626953125,59.79066848754883,54.55778884887695
2018-10-09,1,105.35540771484375,56.73714065551758,53.98432159423828
2018-10-16,1,104.17288970947266,55.863277435302734,52.86118698120117
2018-10-23,1,101.45126342773438,54.9869270324707,52.99919891357422
2018-10-30,0,97.35002899169922,51.62500762939453,50.75531005859375
2018-11-06,0,101.09463500976562,52.601497650146484,48.48760986328125
2018-11-13,0,100.36258697509766,51.617034912109375,45.901241302490234
2018-11-20,0,95.86663818359375,51.104373931884766,42.25979232788086
2018-11-27,0,100.98468017578125,52.033538818359375,41.60552978515625
2018-12-04,0,102.28540802001953,52.35289001464844,42.1905632019043
2018-12-11,1,102.35136413574219,52.39922332763672,40.265960693359375
2018-12-18,1,97.9968032836914,51.251346588134766,39.654685974121094
2018-12-25,1,,,
2019-01-01,0,,,
2019-01-08,0,96.89402770996094,53.62133026123047,35.99652099609375
2019-01-15,0,98.97706604003906,53.6646728515625,36.550506591796875
2019-01-22,0,99.60857391357422,53.3343620300293,36.60542297363281
2019-01-29,0,97.02597045898438,52.84113311767578,36.93494415283203
2019-02-05,0,101.06010437011719,57.09435272216797,41.59119415283203
2019-02-12,0,100.74906158447266,55.867759704589844,40.980621337890625
2019-02-19,0,101.95549774169922,55.72776794433594,40.99020004272461
2019-02-26,0,106.3570785522461,55.556880950927734,41.80555725097656
2019-03-05,0,105.73235321044922,57.89348220825195,42.09331512451172
2019-03-12,0,107.5497817993164,59.4463996887207,43.38349151611328
2019-03-19,0,111.36446380615234,59.72789001464844,44.73119354248047
2019-03-26,0,111.61058044433594,59.01893997192383,44.793540954589844
2019-04-02,0,112.82219696044922,59.809600830078125,46.52736282348633
2019-04-09,0,112.90737915039062,59.64817810058594,47.84151077270508
2019-04-16,0,114.31776428222656,61.13682556152344,47.78154754638672
2019-04-23,0,118.73827362060547,63.00113296508789,49.755157470703125
2019-04-30,0,123.62262725830078,59.211246490478516,48.1220703125
2019-05-07,0,118.81400299072266,58.49482727050781,48.647247314453125
2019-05-14,0,118.06622314453125,55.82142639160156,45.41622543334961
2019-05-21,0,120.5649185180664,57.275699615478516,44.92031478881836
2019-05-28,0,119.86186218261719,56.50447463989258,42.9053955078125
2019-06-04,0,117.01163482666016,52.463993072509766,43.24482727050781
2019-06-11,0,125.50529479980469,53.742897033691406,46.896705627441406
2019-06-18,0,128.41258239746094,54.982444763183594,47.77296447753906
2019-06-25,0,126.76889038085938,54.12302780151367,47.07966613769531
2019-07-02,0,129.76168823242188,55.36357116699219,48.80329132080078
2019-07-09,0,129.64764404296875,56.04014587402344,48.44459915161133
2019-07-16,0,130.23672485351562,57.472496032714844,49.22938919067383
2019-07-23,0,132.33639526367188,57.105316162109375,50.27415466308594
2019-07-30,0,133.34347534179688,61.03768539428711,50.259708404541016
2019-08-06,0,127.9660415649414,58.28806686401367,47.42390441894531
2019-08-13,0,131.6808319091797,59.649173736572266,50.49658966064453
2019-08-20,0,130.84194946289062,58.92278289794922,50.83247756958008
2019-08-27,0,129.39305114746094,58.18294143676758,49.33428192138672
2019-09-03,0,129.6790008544922,58.21034622192383,49.70640182495117
2019-09-10,0,129.71713256835938,60.084110260009766,52.364505767822266
2019-09-17,0,130.9659423828125,61.237464904785156,53.331092834472656
2019-09-24,0,130.9563751220703,60.71982955932617,52.601314544677734
2019-10-01,0,130.66082763671875,60.03927230834961,54.271080017089844
2019-10-08,0,129.32632446289062,59.24363327026367,54.22516632080078
2019-10-15,0,134.950439453125,61.92798614501953,56.86393356323242
2019-10-22,0,129.9935760498047,61.91752624511719,57.98516845703125
2019-10-29,0,136.15151977539062,62.90497589111328,58.78984832763672
2019-11-05,0,137.70533752441406,64.3702163696289,62.13422775268555
2019-11-12,0,140.1933135986328,64.7074966430664,63.49140167236328
2019-11-19,0,143.3580322265625,65.53752136230469,64.54088592529297
2019-11-26,0,145.4145050048828,65.4423599243164,64.0561294555664
2019-12-03,0,142.81283569335938,64.53213500976562,62.883056640625
2019-12-10,0,144.55364990234375,66.99229431152344,65.0716781616211
2019-12-17,0,147.958740234375,67.51341247558594,67.9631576538086
2019-12-24,0,150.53167724609375,66.93749237060547,68.89868927001953
2019-12-31,0,150.8377227783203,66.61166381835938,71.17213439941406
2020-01-07,0,150.7229766845703,69.41757202148438,72.32099151611328
2020-01-14,0,155.0749969482422,71.28784942626953,75.78443145751953
2020-01-21,0,159.2548065185547,73.95427703857422,76.72726440429688
2020-01-28,0,158.26011657714844,72.36797332763672,76.99872589111328
2020-02-04,0,172.2821502685547,72.0944595336914,77.27986907958984
2020-02-11,1,176.41415405273438,75.16940307617188,77.64791870117188
2020-02-18,1,179.08274841308594,75.71145629882812,77.49971771240234
2020-02-25,1,161.19558715820312,69.17395782470703,69.98783111572266
2020-03-03,1,157.78118896484375,66.82937622070312,70.2890853881836
2020-03-10,1,154.33804321289062,63.7902946472168,69.32218170166016
2020-03-17,1,140.57501220703125,55.78954315185547,61.43129348754883
2020-03-24,1,142.27259826660156,56.51991653442383,59.97847366333008
2020-03-31,1,151.25933837890625,57.93234634399414,61.77869415283203
2020-04-07,1,156.80291748046875,59.113101959228516,63.02743911743164
2020-04-14,1,166.59532165527344,63.234291076660156,69.73758697509766
2020-04-21,1,160.9558563232422,60.59926223754883,65.19937133789062
2020-04-28,1,162.8644256591797,61.4626579284668,67.67986297607422
2020-05-05,1,173.3665313720703,67.31363677978516,72.29096221923828
2020-05-12,1,175.04498291015625,68.54072570800781,75.86055755615234
2020-05-19,0,176.1191864013672,68.42837524414062,76.28199005126953
2020-05-26,0,174.62841796875,70.59732818603516,77.15652465820312
2020-06-02,0,177.8407440185547,71.70336151123047,78.7667465209961
2020-06-09,1,182.5437469482422,72.54733276367188,83.79714965820312
2020-06-16,1,186.16966247558594,71.87773895263672,85.76792907714844
2020-06-23,0,194.1907958984375,72.9583511352539,89.28797912597656
2020-06-30,0,195.72964477539062,70.42744445800781,88.8665542602539
2020-07-07,0,200.28842163085938,73.99313354492188,90.7885971069336
2020-07-14,0,200.3845977783203,75.75679779052734,94.57418060302734
2020-07-21,0,200.76931762695312,77.64202117919922,94.51815795898438
2020-07-28,0,194.296630859375,74.74842071533203,90.86654663085938
2020-08-04,0,205.1357421875,72.98624420166016,106.85910034179688
2020-08-11,0,195.6046142578125,73.7509994506836,106.76866912841797
2020-08-18,0,203.40455627441406,77.65099334716797,112.80874633789062
2020-08-25,1,208.69744873046875,80.12311553955078,121.85050964355469
2020-09-01,1,219.10963439941406,82.73821258544922,130.9825897216797
2020-09-08,0,195.38328552246094,76.34518432617188,110.131591796875
2020-09-15,1,201.28358459472656,76.79605865478516,112.78678131103516
2020-09-22,1,199.97238159179688,73.01067352294922,109.14566802978516
2020-09-29,0,199.818115234375,73.20347595214844,111.37133026123047
2020-10-06,0,198.5166015625,72.41181182861328,110.46349334716797
2020-10-13,0,214.85801696777344,78.30265045166016,118.21429443359375
2020-10-20,1,206.9427490234375,77.51797485351562,114.7098388671875
2020-10-27,1,205.59303283691406,79.92581939697266,113.82152557373047
2020-11-03,1,199.01788330078125,82.21509552001953,107.80830383300781
2020-11-10,0,203.4334716796875,86.70794677734375,113.40184783935547
2020-11-17,0,206.7595977783203,88.19062805175781,116.7461166381836
2020-11-24,0,206.720947265625,88.12734985351562,112.61956024169922
2020-12-01,0,208.9924774169922,89.58311462402344,120.00236511230469
2020-12-08,0,208.79913330078125,90.60195922851562,121.62559509277344
2020-12-15,0,206.98193359375,88.0720443725586,125.048095703125
2020-12-22,0,216.46444702148438,85.8664779663086,128.95953369140625
2020-12-29,0,216.66744995117188,87.62117004394531,131.88333129882812
2021-01-05,0,210.6260528564453,86.7343521118164,128.1087646484375
2021-01-12,0,207.75521850585938,87.01484680175781,125.94770812988281
2021-01-19,0,209.21481323242188,89.22241973876953,124.99920654296875
2021-01-26,0,224.5743865966797,95.51878356933594,139.98974609375
2021-02-02,0,231.51466369628906,96.03045654296875,132.00064086914062
2021-02-09,0,235.6325225830078,103.80252838134766,133.19677734375
2021-02-16,0,235.5648193359375,105.71515655517578,130.43508911132812
2021-02-23,0,226.00234985351562,103.17229461669922,123.25674438476562
2021-03-02,0,226.58364868164062,103.42040252685547,122.53205871582031
2021-03-09,0,226.49644470214844,102.26753997802734,118.58538818359375
2021-03-16,0,230.30401611328125,104.25141906738281,122.97274017333984
2021-03-23,0,230.17803955078125,102.28050231933594,120.00540924072266
2021-03-30,0,224.62660217285156,102.40902709960938,117.4200210571289
2021-04-06,0,240.1377716064453,110.83924865722656,123.5994873046875
2021-04-13,0,250.4365692138672,112.95763397216797,131.64947509765625
2021-04-20,0,250.21376037597656,114.27091979980469,130.35678100585938
